sector_id,analysis_period,stock_code,factor_change,change_direction,change_magnitude,event_based,events_count,total_events,confidence_level,analysis_method,possible_reason_1,possible_reason_2,possible_reason_3,analysis_timestamp
core_sector_0,2023-10-10_to_2023-11-21,001979.SZ,-0.104774256098076,下降,medium,False,15,0,中,规则引擎归因,行业周期性调整影响业绩表现,市场需求出现季节性波动,,2025-11-11 23:24:51
core_sector_0,2023-10-10_to_2023-11-21,002142.SZ,-0.10532077976543619,下降,medium,False,15,0,中,规则引擎归因,市场需求出现季节性波动,原材料成本大幅上升，利润率受到挤压,,2025-11-11 23:25:07
core_sector_0,2023-10-31_to_2023-12-12,000568.SZ,-0.08406206378517789,下降,low,False,15,0,中,规则引擎归因,原材料成本大幅上升，利润率受到挤压,行业周期性调整影响业绩表现,,2025-11-11 23:25:13
core_sector_0,2023-10-31_to_2023-12-12,600515.SH,-0.11927035252476414,下降,medium,False,15,0,中,规则引擎归因,市场需求出现季节性波动,汇率波动对海外业务造成负面影响,,2025-11-11 23:25:17
core_sector_0,2023-10-31_to_2023-12-12,600919.SH,0.08181496694303414,上升,low,False,15,0,中,规则引擎归因,管理效率提升，运营成本下降,新产品成功上市，收入来源更加多元化,,2025-11-11 23:25:23
core_sector_0,2023-11-21_to_2024-01-03,600015.SH,-0.1434068112245963,下降,medium,False,15,0,中,规则引擎归因,汇率波动对海外业务造成负面影响,行业周期性调整影响业绩表现,,2025-11-11 23:25:34
core_sector_0,2023-11-21_to_2024-01-03,600515.SH,-0.10504633272432207,下降,medium,False,15,0,中,规则引擎归因,汇率波动对海外业务造成负面影响,行业周期性调整影响业绩表现,,2025-11-11 23:25:43
core_sector_0,2023-11-21_to_2024-01-03,600919.SH,0.09349018243920182,上升,low,False,15,0,中,规则引擎归因,成本控制成效显著，利润率明显提升,管理效率提升，运营成本下降,,2025-11-11 23:25:50
core_sector_0,2023-11-21_to_2024-01-03,600926.SH,0.10044316079487792,上升,medium,False,15,0,中,规则引擎归因,新产品成功上市，收入来源更加多元化,成本控制成效显著，利润率明显提升,,2025-11-11 23:25:56
core_sector_0,2023-12-12_to_2024-01-24,600015.SH,-0.12046514654594542,下降,medium,False,15,0,中,规则引擎归因,行业周期性调整影响业绩表现,市场需求出现季节性波动,,2025-11-11 23:26:03
core_sector_0,2023-12-12_to_2024-01-24,600919.SH,0.0959274163651258,上升,low,False,15,0,中,规则引擎归因,经营状况持续改善，市场份额稳步扩大,成本控制成效显著，利润率明显提升,,2025-11-11 23:26:10
core_sector_0,2024-04-08_to_2024-05-23,600926.SH,-0.1097300027193523,下降,medium,False,15,0,中,规则引擎归因,行业周期性调整影响业绩表现,汇率波动对海外业务造成负面影响,,2025-11-11 23:26:20
core_sector_0,2024-04-29_to_2024-06-14,000166.SZ,-0.09755477038862914,下降,low,False,15,0,中,规则引擎归因,汇率波动对海外业务造成负面影响,原材料成本大幅上升，利润率受到挤压,,2025-11-11 23:26:27
core_sector_0,2024-04-29_to_2024-06-14,002304.SZ,-0.13853942605293912,下降,medium,False,15,0,中,规则引擎归因,汇率波动对海外业务造成负面影响,行业周期性调整影响业绩表现,,2025-11-11 23:26:33
core_sector_0,2024-04-29_to_2024-06-14,002736.SZ,-0.12326007101984782,下降,medium,False,15,0,中,规则引擎归因,行业周期性调整影响业绩表现,市场需求出现季节性波动,,2025-11-11 23:26:40
core_sector_0,2024-04-29_to_2024-06-14,600519.SH,-0.08200945524025882,下降,low,False,15,0,中,规则引擎归因,行业周期性调整影响业绩表现,市场需求出现季节性波动,,2025-11-11 23:26:46
core_sector_0,2024-05-23_to_2024-07-05,000166.SZ,-0.13407586759801138,下降,medium,False,15,0,中,规则引擎归因,汇率波动对海外业务造成负面影响,市场需求出现季节性波动,,2025-11-11 23:26:55
core_sector_0,2024-05-23_to_2024-07-05,000776.SZ,-0.10121698310355809,下降,medium,False,15,0,中,规则引擎归因,行业周期性调整影响业绩表现,汇率波动对海外业务造成负面影响,,2025-11-11 23:27:06
core_sector_0,2024-05-23_to_2024-07-05,002304.SZ,-0.16267482558983226,下降,medium,False,15,0,中,规则引擎归因,市场需求出现季节性波动,原材料成本大幅上升，利润率受到挤压,,2025-11-11 23:27:12
core_sector_0,2024-05-23_to_2024-07-05,002736.SZ,-0.21831562409791394,下降,high,False,15,0,高,规则引擎归因,财报业绩不及预期，盈利大幅下滑27.2%,市场竞争激烈，市场份额严重流失,,2025-11-11 23:27:18
core_sector_0,2024-05-23_to_2024-07-05,600030.SH,-0.08644213233863551,下降,low,False,15,0,中,规则引擎归因,行业周期性调整影响业绩表现,汇率波动对海外业务造成负面影响,,2025-11-11 23:27:25
core_sector_0,2024-05-23_to_2024-07-05,600519.SH,-0.13676862503122889,下降,medium,False,15,0,中,规则引擎归因,汇率波动对海外业务造成负面影响,原材料成本大幅上升，利润率受到挤压,,2025-11-11 23:27:30
core_sector_0,2024-06-14_to_2024-07-26,000001.SZ,-0.08579616492476627,下降,low,False,15,0,中,规则引擎归因,汇率波动对海外业务造成负面影响,市场需求出现季节性波动,,2025-11-11 23:27:38
core_sector_0,2024-06-14_to_2024-07-26,002736.SZ,-0.12307889099168567,下降,medium,False,15,0,中,规则引擎归因,汇率波动对海外业务造成负面影响,市场需求出现季节性波动,,2025-11-11 23:27:44
core_sector_0,2024-06-14_to_2024-07-26,600016.SH,-0.08141391264402298,下降,low,False,15,0,中,规则引擎归因,汇率波动对海外业务造成负面影响,行业周期性调整影响业绩表现,,2025-11-11 23:27:51
core_sector_0,2024-06-14_to_2024-07-26,600030.SH,-0.10556208090714025,下降,medium,False,15,0,中,规则引擎归因,原材料成本大幅上升，利润率受到挤压,市场需求出现季节性波动,,2025-11-11 23:27:59
core_sector_0,2024-06-14_to_2024-07-26,600036.SH,-0.10162559703607177,下降,medium,False,15,0,中,规则引擎归因,汇率波动对海外业务造成负面影响,市场需求出现季节性波动,,2025-11-11 23:28:10
core_sector_0,2024-06-14_to_2024-07-26,600585.SH,-0.12264499722234212,下降,medium,False,15,0,中,规则引擎归因,原材料成本大幅上升，利润率受到挤压,汇率波动对海外业务造成负面影响,,2025-11-11 23:28:15
core_sector_0,2024-07-05_to_2024-08-16,600000.SH,-0.08060948431061099,下降,low,False,15,0,中,规则引擎归因,行业周期性调整影响业绩表现,原材料成本大幅上升，利润率受到挤压,,2025-11-11 23:28:20
core_sector_0,2024-07-05_to_2024-08-16,600016.SH,-0.09095243528904828,下降,low,False,15,0,中,规则引擎归因,市场需求出现季节性波动,汇率波动对海外业务造成负面影响,,2025-11-11 23:28:26
core_sector_0,2024-07-05_to_2024-08-16,600585.SH,-0.09207671145586527,下降,low,False,15,0,中,规则引擎归因,原材料成本大幅上升，利润率受到挤压,市场需求出现季节性波动,,2025-11-11 23:28:32
core_sector_0,2024-07-05_to_2024-08-16,600919.SH,-0.08666200721027195,下降,low,False,15,0,中,规则引擎归因,行业周期性调整影响业绩表现,市场需求出现季节性波动,,2025-11-11 23:28:40
core_sector_0,2024-07-05_to_2024-08-16,600926.SH,-0.11884311737143549,下降,medium,False,15,0,中,规则引擎归因,原材料成本大幅上升，利润率受到挤压,市场需求出现季节性波动,,2025-11-11 23:28:45
core_sector_0,2024-07-26_to_2024-09-06,600000.SH,-0.1411398707780971,下降,medium,False,15,0,中,规则引擎归因,汇率波动对海外业务造成负面影响,市场需求出现季节性波动,,2025-11-11 23:28:52
core_sector_0,2024-07-26_to_2024-09-06,600015.SH,-0.13898290848262818,下降,medium,False,15,0,中,规则引擎归因,行业周期性调整影响业绩表现,市场需求出现季节性波动,,2025-11-11 23:28:57
core_sector_0,2024-07-26_to_2024-09-06,600036.SH,-0.12334077508061836,下降,medium,False,15,0,中,规则引擎归因,市场需求出现季节性波动,原材料成本大幅上升，利润率受到挤压,,2025-11-11 23:29:03
core_sector_0,2024-07-26_to_2024-09-06,600919.SH,-0.1488166818956389,下降,medium,False,15,0,中,规则引擎归因,原材料成本大幅上升，利润率受到挤压,市场需求出现季节性波动,,2025-11-11 23:29:08
core_sector_0,2024-07-26_to_2024-09-06,600926.SH,-0.1355470714812509,下降,medium,False,15,0,中,规则引擎归因,市场需求出现季节性波动,汇率波动对海外业务造成负面影响,,2025-11-11 23:29:15
core_sector_1,2023-10-10_to_2023-11-21,000661.SZ,-0.08100953875449823,下降,low,False,15,0,中,规则引擎归因,市场需求出现季节性波动,行业周期性调整影响业绩表现,,2025-11-11 23:29:23
core_sector_1,2023-10-10_to_2023-11-21,000800.SZ,-0.1079423984244734,下降,medium,False,14,0,中,规则引擎归因,汇率波动对海外业务造成负面影响,市场需求出现季节性波动,,2025-11-11 23:29:32
core_sector_1,2023-10-10_to_2023-11-21,002230.SZ,-0.0996087745122296,下降,low,False,15,0,中,规则引擎归因,原材料成本大幅上升，利润率受到挤压,市场需求出现季节性波动,,2025-11-11 23:29:37
core_sector_1,2023-10-31_to_2023-12-12,000661.SZ,-0.11442748189688512,下降,medium,False,15,0,中,规则引擎归因,市场需求出现季节性波动,行业周期性调整影响业绩表现,,2025-11-11 23:29:48
core_sector_1,2023-10-31_to_2023-12-12,000800.SZ,-0.08965422579847449,下降,low,False,14,0,中,规则引擎归因,汇率波动对海外业务造成负面影响,原材料成本大幅上升，利润率受到挤压,,2025-11-11 23:29:53
core_sector_1,2023-10-31_to_2023-12-12,000807.SZ,-0.10642719706580461,下降,medium,False,13,0,中,规则引擎归因,原材料成本大幅上升，利润率受到挤压,行业周期性调整影响业绩表现,,2025-11-11 23:30:01
core_sector_1,2024-03-14_to_2024-04-29,000792.SZ,-0.0933374572383937,下降,low,False,15,0,中,规则引擎归因,汇率波动对海外业务造成负面影响,市场需求出现季节性波动,,2025-11-11 23:30:08
core_sector_1,2024-03-14_to_2024-04-29,000963.SZ,-0.09509341979529207,下降,low,False,15,0,中,规则引擎归因,原材料成本大幅上升，利润率受到挤压,市场需求出现季节性波动,,2025-11-11 23:30:19
core_sector_1,2024-04-08_to_2024-05-23,002180.SZ,-0.1221589204856488,下降,medium,False,9,0,中,规则引擎归因,汇率波动对海外业务造成负面影响,行业周期性调整影响业绩表现,,2025-11-11 23:30:24
core_sector_1,2024-04-29_to_2024-06-14,000063.SZ,-0.08204570599787397,下降,low,False,15,0,中,规则引擎归因,市场需求出现季节性波动,汇率波动对海外业务造成负面影响,,2025-11-11 23:30:31
core_sector_1,2024-04-29_to_2024-06-14,000100.SZ,-0.09702803610957056,下降,low,False,15,0,中,规则引擎归因,汇率波动对海外业务造成负面影响,行业周期性调整影响业绩表现,,2025-11-11 23:30:40
core_sector_1,2024-04-29_to_2024-06-14,000733.SZ,-0.08014545468030976,下降,low,False,14,0,中,规则引擎归因,行业周期性调整影响业绩表现,汇率波动对海外业务造成负面影响,,2025-11-11 23:30:46
core_sector_1,2024-04-29_to_2024-06-14,000938.SZ,-0.0910410708907925,下降,low,False,14,0,中,规则引擎归因,市场需求出现季节性波动,汇率波动对海外业务造成负面影响,,2025-11-11 23:30:57
core_sector_1,2024-04-29_to_2024-06-14,000977.SZ,-0.0873439273119101,下降,low,False,15,0,中,规则引擎归因,市场需求出现季节性波动,行业周期性调整影响业绩表现,,2025-11-11 23:31:04
core_sector_1,2024-04-29_to_2024-06-14,002129.SZ,-0.10097536499703885,下降,medium,False,15,0,中,规则引擎归因,行业周期性调整影响业绩表现,汇率波动对海外业务造成负面影响,,2025-11-11 23:31:09
core_sector_1,2024-04-29_to_2024-06-14,002180.SZ,-0.12708748555677396,下降,medium,False,9,0,中,规则引擎归因,汇率波动对海外业务造成负面影响,行业周期性调整影响业绩表现,,2025-11-11 23:31:19
core_sector_1,2024-05-23_to_2024-07-05,002050.SZ,-0.09245181566898897,下降,low,False,15,0,中,规则引擎归因,市场需求出现季节性波动,行业周期性调整影响业绩表现,,2025-11-11 23:31:25
core_sector_1,2024-05-23_to_2024-07-05,002129.SZ,-0.08924606461185136,下降,low,False,15,0,中,规则引擎归因,原材料成本大幅上升，利润率受到挤压,汇率波动对海外业务造成负面影响,,2025-11-11 23:31:32
core_sector_1,2024-05-23_to_2024-07-05,002352.SZ,-0.10039665774050799,下降,medium,False,15,0,中,规则引擎归因,汇率波动对海外业务造成负面影响,原材料成本大幅上升，利润率受到挤压,,2025-11-11 23:31:37
core_sector_2,2023-10-31_to_2023-12-12,000338.SZ,-0.1148652563929774,下降,medium,False,15,0,中,规则引擎归因,汇率波动对海外业务造成负面影响,原材料成本大幅上升，利润率受到挤压,,2025-11-11 23:31:44
core_sector_2,2023-10-31_to_2023-12-12,600039.SH,-0.1094173334743791,下降,medium,False,14,0,中,规则引擎归因,行业周期性调整影响业绩表现,原材料成本大幅上升，利润率受到挤压,,2025-11-11 23:31:57
core_sector_2,2023-11-21_to_2024-01-03,000338.SZ,-0.09212814131154512,下降,low,False,15,0,中,规则引擎归因,行业周期性调整影响业绩表现,汇率波动对海外业务造成负面影响,,2025-11-11 23:32:03
core_sector_2,2023-11-21_to_2024-01-03,600150.SH,-0.09539872515683445,下降,low,False,15,0,中,规则引擎归因,市场需求出现季节性波动,行业周期性调整影响业绩表现,,2025-11-11 23:32:08
core_sector_2,2023-12-12_to_2024-01-24,000157.SZ,-0.08286730902640382,下降,low,False,15,0,中,规则引擎归因,行业周期性调整影响业绩表现,原材料成本大幅上升，利润率受到挤压,,2025-11-11 23:32:23
core_sector_2,2024-01-03_to_2024-02-22,000157.SZ,-0.08475920707011464,下降,low,False,15,0,中,规则引擎归因,汇率波动对海外业务造成负面影响,原材料成本大幅上升，利润率受到挤压,,2025-11-11 23:32:28
core_sector_2,2024-02-22_to_2024-04-08,000708.SZ,-0.10430244027646318,下降,medium,False,15,0,中,规则引擎归因,市场需求出现季节性波动,行业周期性调整影响业绩表现,,2025-11-11 23:32:33
core_sector_2,2024-02-22_to_2024-04-08,600031.SH,-0.09538620079269045,下降,low,False,15,0,中,规则引擎归因,原材料成本大幅上升，利润率受到挤压,行业周期性调整影响业绩表现,,2025-11-11 23:32:38
core_sector_2,2024-02-22_to_2024-04-08,601186.SH,-0.086941715889292,下降,low,False,14,0,中,规则引擎归因,原材料成本大幅上升，利润率受到挤压,汇率波动对海外业务造成负面影响,,2025-11-11 23:32:43
core_sector_2,2024-03-14_to_2024-04-29,000983.SZ,-0.10300318317819834,下降,medium,False,15,0,中,规则引擎归因,汇率波动对海外业务造成负面影响,市场需求出现季节性波动,,2025-11-11 23:32:53
core_sector_2,2024-05-23_to_2024-07-05,600039.SH,-0.1171918373428974,下降,medium,False,14,0,中,规则引擎归因,原材料成本大幅上升，利润率受到挤压,市场需求出现季节性波动,,2025-11-11 23:32:59
core_sector_2,2024-07-05_to_2024-08-16,601390.SH,-0.10743042161856997,下降,medium,False,15,0,中,规则引擎归因,市场需求出现季节性波动,汇率波动对海外业务造成负面影响,,2025-11-11 23:33:03
core_sector_2,2024-07-26_to_2024-09-06,601618.SH,-0.08048878348877286,下降,low,False,13,0,中,规则引擎归因,市场需求出现季节性波动,行业周期性调整影响业绩表现,,2025-11-11 23:33:09
core_sector_3,2023-10-10_to_2023-11-21,300015.SZ,-0.09459246725411963,下降,low,False,15,0,中,规则引擎归因,原材料成本大幅上升，利润率受到挤压,汇率波动对海外业务造成负面影响,,2025-11-11 23:33:15
core_sector_3,2023-10-31_to_2023-12-12,000876.SZ,-0.0803437012757312,下降,low,False,15,0,中,规则引擎归因,原材料成本大幅上升，利润率受到挤压,行业周期性调整影响业绩表现,,2025-11-11 23:33:21
core_sector_3,2023-10-31_to_2023-12-12,002007.SZ,-0.10985632616356389,下降,medium,False,9,0,中,规则引擎归因,行业周期性调整影响业绩表现,原材料成本大幅上升，利润率受到挤压,,2025-11-11 23:33:31
core_sector_3,2023-10-31_to_2023-12-12,600029.SH,-0.16326236680923634,下降,medium,False,15,0,中,规则引擎归因,市场需求出现季节性波动,汇率波动对海外业务造成负面影响,,2025-11-11 23:33:37
core_sector_3,2023-11-21_to_2024-01-03,002007.SZ,-0.15718840021480784,下降,medium,False,9,0,中,规则引擎归因,汇率波动对海外业务造成负面影响,原材料成本大幅上升，利润率受到挤压,,2025-11-11 23:33:42
core_sector_3,2023-11-21_to_2024-01-03,300142.SZ,-0.1034768365664559,下降,medium,False,15,0,中,规则引擎归因,汇率波动对海外业务造成负面影响,原材料成本大幅上升，利润率受到挤压,,2025-11-11 23:33:47
core_sector_3,2023-11-21_to_2024-01-03,600029.SH,-0.0827707514898085,下降,low,False,15,0,中,规则引擎归因,汇率波动对海外业务造成负面影响,市场需求出现季节性波动,,2025-11-11 23:33:52
core_sector_3,2023-12-12_to_2024-01-24,002007.SZ,-0.09021212932557776,下降,low,False,9,0,中,规则引擎归因,行业周期性调整影响业绩表现,原材料成本大幅上升，利润率受到挤压,,2025-11-11 23:33:58
core_sector_3,2024-02-22_to_2024-04-08,600009.SH,-0.09437480232803619,下降,low,False,15,0,中,规则引擎归因,原材料成本大幅上升，利润率受到挤压,汇率波动对海外业务造成负面影响,,2025-11-11 23:34:03
core_sector_3,2024-02-22_to_2024-04-08,600010.SH,-0.14758754102868743,下降,medium,False,15,0,中,规则引擎归因,行业周期性调整影响业绩表现,原材料成本大幅上升，利润率受到挤压,,2025-11-11 23:34:08
core_sector_3,2024-02-22_to_2024-04-08,600111.SH,-0.08352428507233545,下降,low,False,15,0,中,规则引擎归因,原材料成本大幅上升，利润率受到挤压,行业周期性调整影响业绩表现,,2025-11-11 23:34:12
core_sector_3,2024-03-14_to_2024-04-29,002007.SZ,-0.10246194355617355,下降,medium,False,9,0,中,规则引擎归因,行业周期性调整影响业绩表现,市场需求出现季节性波动,,2025-11-11 23:34:24
core_sector_3,2024-03-14_to_2024-04-29,300454.SZ,-0.10123821117922116,下降,medium,False,5,0,中,规则引擎归因,汇率波动对海外业务造成负面影响,原材料成本大幅上升，利润率受到挤压,,2025-11-11 23:34:31
core_sector_3,2024-03-14_to_2024-04-29,300957.SZ,-0.09287340356392138,下降,low,False,15,0,中,规则引擎归因,原材料成本大幅上升，利润率受到挤压,汇率波动对海外业务造成负面影响,,2025-11-11 23:34:40
core_sector_3,2024-04-29_to_2024-06-14,600132.SH,-0.12685992256955614,下降,medium,False,15,0,中,规则引擎归因,市场需求出现季节性波动,原材料成本大幅上升，利润率受到挤压,,2025-11-11 23:34:47
core_sector_3,2024-04-29_to_2024-06-14,600219.SH,-0.08804978836079258,下降,low,False,12,0,中,规则引擎归因,汇率波动对海外业务造成负面影响,原材料成本大幅上升，利润率受到挤压,,2025-11-11 23:34:52
core_sector_3,2024-05-23_to_2024-07-05,300014.SZ,-0.13406835360468583,下降,medium,False,15,0,中,规则引擎归因,汇率波动对海外业务造成负面影响,市场需求出现季节性波动,,2025-11-11 23:34:58
core_sector_3,2024-05-23_to_2024-07-05,300919.SZ,-0.08294756517113222,下降,low,False,15,0,中,规则引擎归因,汇率波动对海外业务造成负面影响,行业周期性调整影响业绩表现,,2025-11-11 23:35:03
core_sector_3,2024-05-23_to_2024-07-05,600132.SH,-0.12007612622548258,下降,medium,False,15,0,中,规则引擎归因,市场需求出现季节性波动,原材料成本大幅上升，利润率受到挤压,,2025-11-11 23:35:08
core_sector_4,2023-10-10_to_2023-11-21,600346.SH,-0.08629200614853738,下降,low,False,15,0,中,规则引擎归因,原材料成本大幅上升，利润率受到挤压,市场需求出现季节性波动,,2025-11-11 23:35:13
core_sector_4,2023-10-31_to_2023-12-12,600346.SH,-0.15357284951592165,下降,medium,False,15,0,中,规则引擎归因,汇率波动对海外业务造成负面影响,市场需求出现季节性波动,,2025-11-11 23:35:19
core_sector_4,2023-11-21_to_2024-01-03,002252.SZ,-0.11598012429997462,下降,medium,False,15,0,中,规则引擎归因,市场需求出现季节性波动,汇率波动对海外业务造成负面影响,,2025-11-11 23:35:24
core_sector_4,2024-02-22_to_2024-04-08,000538.SZ,-0.10287702163354195,下降,medium,False,15,0,中,规则引擎归因,行业周期性调整影响业绩表现,市场需求出现季节性波动,,2025-11-11 23:35:29
core_sector_4,2024-03-14_to_2024-04-29,002001.SZ,-0.11043971446857659,下降,medium,False,15,0,中,规则引擎归因,汇率波动对海外业务造成负面影响,市场需求出现季节性波动,,2025-11-11 23:35:34
core_sector_4,2024-03-14_to_2024-04-29,600346.SH,-0.10310162497835229,下降,medium,False,15,0,中,规则引擎归因,市场需求出现季节性波动,行业周期性调整影响业绩表现,,2025-11-11 23:35:40
core_sector_4,2024-04-08_to_2024-05-23,600887.SH,-0.09691979477904189,下降,low,False,15,0,中,规则引擎归因,原材料成本大幅上升，利润率受到挤压,行业周期性调整影响业绩表现,,2025-11-11 23:35:45
core_sector_4,2024-04-29_to_2024-06-14,600887.SH,-0.1279990733203885,下降,medium,False,15,0,中,规则引擎归因,原材料成本大幅上升，利润率受到挤压,汇率波动对海外业务造成负面影响,,2025-11-11 23:35:47
core_sector_4,2024-04-29_to_2024-06-14,601877.SH,-0.08894806532599331,下降,low,False,15,0,中,规则引擎归因,汇率波动对海外业务造成负面影响,行业周期性调整影响业绩表现,,2025-11-11 23:35:52
core_sector_4,2024-05-23_to_2024-07-05,600887.SH,-0.11132256946767383,下降,medium,False,15,0,中,规则引擎归因,行业周期性调整影响业绩表现,原材料成本大幅上升，利润率受到挤压,,2025-11-11 23:35:59
core_sector_4,2024-07-26_to_2024-09-06,601607.SH,-0.11915085364266953,下降,medium,False,15,0,中,规则引擎归因,市场需求出现季节性波动,汇率波动对海外业务造成负面影响,,2025-11-11 23:36:04
core_sector_5,2023-10-10_to_2023-11-21,300896.SZ,-0.09855922106362547,下降,low,False,15,0,中,规则引擎归因,市场需求出现季节性波动,行业周期性调整影响业绩表现,,2025-11-11 23:36:11
core_sector_5,2023-10-10_to_2023-11-21,600600.SH,-0.09335813167214102,下降,low,False,15,0,中,规则引擎归因,汇率波动对海外业务造成负面影响,市场需求出现季节性波动,,2025-11-11 23:36:16
core_sector_5,2023-10-31_to_2023-12-12,300760.SZ,-0.08807307434802136,下降,low,False,15,0,中,规则引擎归因,汇率波动对海外业务造成负面影响,市场需求出现季节性波动,,2025-11-11 23:36:22
core_sector_5,2023-10-31_to_2023-12-12,603369.SH,-0.08000917421340481,下降,low,False,13,0,中,规则引擎归因,汇率波动对海外业务造成负面影响,原材料成本大幅上升，利润率受到挤压,,2025-11-11 23:36:31
core_sector_5,2023-10-31_to_2023-12-12,603899.SH,-0.14049666153737495,下降,medium,False,10,0,中,规则引擎归因,汇率波动对海外业务造成负面影响,市场需求出现季节性波动,,2025-11-11 23:36:36
core_sector_5,2023-11-21_to_2024-01-03,300760.SZ,-0.12956950871340178,下降,medium,False,15,0,中,规则引擎归因,行业周期性调整影响业绩表现,汇率波动对海外业务造成负面影响,,2025-11-11 23:36:42
core_sector_5,2024-03-14_to_2024-04-29,002027.SZ,-0.11173119967726863,下降,medium,False,15,0,中,规则引擎归因,市场需求出现季节性波动,行业周期性调整影响业绩表现,,2025-11-11 23:36:51
core_sector_5,2024-04-08_to_2024-05-23,002027.SZ,-0.10105054203805397,下降,medium,False,15,0,中,规则引擎归因,原材料成本大幅上升，利润率受到挤压,市场需求出现季节性波动,,2025-11-11 23:36:58
core_sector_5,2024-04-08_to_2024-05-23,601021.SH,-0.0891400907806108,下降,low,False,15,0,中,规则引擎归因,汇率波动对海外业务造成负面影响,原材料成本大幅上升，利润率受到挤压,,2025-11-11 23:37:03
core_sector_5,2024-04-29_to_2024-06-14,300896.SZ,-0.09612349751804938,下降,low,False,15,0,中,规则引擎归因,市场需求出现季节性波动,原材料成本大幅上升，利润率受到挤压,,2025-11-11 23:37:08
core_sector_5,2024-05-23_to_2024-07-05,300760.SZ,-0.11485694174761729,下降,medium,False,15,0,中,规则引擎归因,汇率波动对海外业务造成负面影响,市场需求出现季节性波动,,2025-11-11 23:37:24
core_sector_5,2024-05-23_to_2024-07-05,600809.SH,-0.09014626097532852,下降,low,False,15,0,中,规则引擎归因,原材料成本大幅上升，利润率受到挤压,行业周期性调整影响业绩表现,,2025-11-11 23:37:29
core_sector_5,2024-05-23_to_2024-07-05,688363.SH,-0.09842445891878948,下降,low,False,15,0,中,规则引擎归因,行业周期性调整影响业绩表现,原材料成本大幅上升，利润率受到挤压,,2025-11-11 23:37:37
core_sector_5,2024-06-14_to_2024-07-26,002027.SZ,-0.08889741284709485,下降,low,False,15,0,中,规则引擎归因,市场需求出现季节性波动,汇率波动对海外业务造成负面影响,,2025-11-11 23:37:42
core_sector_5,2024-07-26_to_2024-09-06,300750.SZ,-0.10379431300910924,下降,medium,False,15,0,中,规则引擎归因,汇率波动对海外业务造成负面影响,行业周期性调整影响业绩表现,,2025-11-11 23:37:48
core_sector_6,2023-10-10_to_2023-11-21,002920.SZ,-0.09135012513036656,下降,low,False,15,0,中,规则引擎归因,市场需求出现季节性波动,原材料成本大幅上升，利润率受到挤压,,2025-11-11 23:37:54
core_sector_6,2023-10-10_to_2023-11-21,600958.SH,-0.08985772763825839,下降,low,False,15,0,中,规则引擎归因,原材料成本大幅上升，利润率受到挤压,市场需求出现季节性波动,,2025-11-11 23:38:08
core_sector_6,2023-10-10_to_2023-11-21,601236.SH,-0.1154468530338375,下降,medium,False,15,0,中,规则引擎归因,原材料成本大幅上升，利润率受到挤压,行业周期性调整影响业绩表现,,2025-11-11 23:38:14
core_sector_6,2023-10-10_to_2023-11-21,601633.SH,-0.12936440498222945,下降,medium,False,15,0,中,规则引擎归因,行业周期性调整影响业绩表现,市场需求出现季节性波动,,2025-11-11 23:38:20
core_sector_6,2023-10-31_to_2023-12-12,000625.SZ,-0.08559937064593592,下降,low,False,15,0,中,规则引擎归因,市场需求出现季节性波动,原材料成本大幅上升，利润率受到挤压,,2025-11-11 23:38:26
core_sector_6,2023-10-31_to_2023-12-12,601111.SH,-0.1292524034661081,下降,medium,False,15,0,中,规则引擎归因,行业周期性调整影响业绩表现,市场需求出现季节性波动,,2025-11-11 23:38:31
core_sector_6,2023-11-21_to_2024-01-03,000625.SZ,-0.09678745244186449,下降,low,False,15,0,中,规则引擎归因,汇率波动对海外业务造成负面影响,行业周期性调整影响业绩表现,,2025-11-11 23:38:37
core_sector_6,2024-03-14_to_2024-04-29,601633.SH,-0.09940478796190844,下降,low,False,15,0,中,规则引擎归因,汇率波动对海外业务造成负面影响,行业周期性调整影响业绩表现,,2025-11-11 23:38:43
core_sector_6,2024-04-08_to_2024-05-23,601633.SH,-0.1416413004004533,下降,medium,False,15,0,中,规则引擎归因,原材料成本大幅上升，利润率受到挤压,市场需求出现季节性波动,,2025-11-11 23:38:49
core_sector_6,2024-04-29_to_2024-06-14,002920.SZ,-0.09665056777244574,下降,low,False,15,0,中,规则引擎归因,行业周期性调整影响业绩表现,汇率波动对海外业务造成负面影响,,2025-11-11 23:38:55
core_sector_6,2024-04-29_to_2024-06-14,600741.SH,-0.08957325944451489,下降,low,False,9,0,中,规则引擎归因,行业周期性调整影响业绩表现,原材料成本大幅上升，利润率受到挤压,,2025-11-11 23:39:02
core_sector_6,2024-05-23_to_2024-07-05,002594.SZ,-0.08609352586004004,下降,low,False,15,0,中,规则引擎归因,原材料成本大幅上升，利润率受到挤压,市场需求出现季节性波动,,2025-11-11 23:39:08
core_sector_6,2024-07-05_to_2024-08-16,600460.SH,-0.08889559681859138,下降,low,False,15,0,中,规则引擎归因,行业周期性调整影响业绩表现,市场需求出现季节性波动,,2025-11-11 23:39:13
core_sector_6,2024-07-26_to_2024-09-06,600460.SH,-0.10616945446845949,下降,medium,False,15,0,中,规则引擎归因,市场需求出现季节性波动,原材料成本大幅上升，利润率受到挤压,,2025-11-11 23:39:19
core_sector_7,2023-10-31_to_2023-12-12,003816.SZ,-0.09600927133168313,下降,low,False,15,0,中,规则引擎归因,市场需求出现季节性波动,汇率波动对海外业务造成负面影响,,2025-11-11 23:39:25
core_sector_7,2023-10-31_to_2023-12-12,600027.SH,-0.12583611512404036,下降,medium,False,15,0,中,规则引擎归因,原材料成本大幅上升，利润率受到挤压,汇率波动对海外业务造成负面影响,,2025-11-11 23:39:29
core_sector_7,2023-10-31_to_2023-12-12,600795.SH,-0.08091410234285767,下降,low,False,15,0,中,规则引擎归因,市场需求出现季节性波动,汇率波动对海外业务造成负面影响,,2025-11-11 23:39:35
core_sector_7,2023-12-12_to_2024-01-24,600905.SH,-0.10142440938978359,下降,medium,False,15,0,中,规则引擎归因,市场需求出现季节性波动,原材料成本大幅上升，利润率受到挤压,,2025-11-11 23:39:40
core_sector_7,2024-05-23_to_2024-07-05,601669.SH,-0.09050395340636541,下降,low,False,15,0,中,规则引擎归因,汇率波动对海外业务造成负面影响,市场需求出现季节性波动,,2025-11-11 23:39:50
core_sector_8,2023-10-31_to_2023-12-12,600023.SH,-0.0991723390896958,下降,low,False,15,0,中,规则引擎归因,行业周期性调整影响业绩表现,市场需求出现季节性波动,,2025-11-11 23:39:56
core_sector_8,2024-04-08_to_2024-05-23,601939.SH,-0.08216837856849835,下降,low,False,15,0,中,规则引擎归因,汇率波动对海外业务造成负面影响,行业周期性调整影响业绩表现,,2025-11-11 23:40:12
core_sector_8,2024-04-29_to_2024-06-14,601939.SH,-0.09655047371223557,下降,low,False,15,0,中,规则引擎归因,原材料成本大幅上升，利润率受到挤压,行业周期性调整影响业绩表现,,2025-11-11 23:40:19
core_sector_8,2024-06-14_to_2024-07-26,601006.SH,-0.08941927345119183,下降,low,False,14,0,中,规则引擎归因,行业周期性调整影响业绩表现,市场需求出现季节性波动,,2025-11-11 23:40:25
core_sector_8,2024-07-05_to_2024-08-16,601006.SH,-0.09838826909270093,下降,low,False,14,0,中,规则引擎归因,行业周期性调整影响业绩表现,汇率波动对海外业务造成负面影响,,2025-11-11 23:40:30
core_sector_9,2023-10-10_to_2023-11-21,300433.SZ,-0.0802892318179893,下降,low,False,15,0,中,规则引擎归因,市场需求出现季节性波动,行业周期性调整影响业绩表现,,2025-11-11 23:40:36
core_sector_9,2023-10-10_to_2023-11-21,601138.SH,-0.08520135066851564,下降,low,False,15,0,中,规则引擎归因,行业周期性调整影响业绩表现,市场需求出现季节性波动,,2025-11-11 23:40:42
core_sector_9,2024-04-29_to_2024-06-14,300661.SZ,-0.13033890112229274,下降,medium,False,10,0,中,规则引擎归因,市场需求出现季节性波动,原材料成本大幅上升，利润率受到挤压,,2025-11-11 23:40:47
core_sector_9,2024-05-23_to_2024-07-05,300661.SZ,-0.09711537976663032,下降,low,False,10,0,中,规则引擎归因,汇率波动对海外业务造成负面影响,行业周期性调整影响业绩表现,,2025-11-11 23:40:52
core_sector_10,2023-10-10_to_2023-11-21,301269.SZ,-0.0931861364143407,下降,low,False,15,0,中,规则引擎归因,市场需求出现季节性波动,汇率波动对海外业务造成负面影响,,2025-11-11 23:40:58
core_sector_10,2023-10-10_to_2023-11-21,601688.SH,-0.11574245318600695,下降,medium,False,15,0,中,规则引擎归因,市场需求出现季节性波动,行业周期性调整影响业绩表现,,2025-11-11 23:41:13
core_sector_10,2023-10-10_to_2023-11-21,601698.SH,-0.1873806557376918,下降,medium,False,9,0,中,规则引擎归因,汇率波动对海外业务造成负面影响,原材料成本大幅上升，利润率受到挤压,,2025-11-11 23:41:18
core_sector_10,2023-10-31_to_2023-12-12,300122.SZ,-0.1359823840499259,下降,medium,False,15,0,中,规则引擎归因,行业周期性调整影响业绩表现,市场需求出现季节性波动,,2025-11-11 23:41:25
core_sector_10,2023-10-31_to_2023-12-12,301269.SZ,-0.18173143550339654,下降,medium,False,15,0,中,规则引擎归因,行业周期性调整影响业绩表现,原材料成本大幅上升，利润率受到挤压,,2025-11-11 23:41:31
core_sector_10,2023-10-31_to_2023-12-12,601688.SH,-0.0917747219166708,下降,low,False,15,0,中,规则引擎归因,市场需求出现季节性波动,汇率波动对海外业务造成负面影响,,2025-11-11 23:41:41
core_sector_10,2023-11-21_to_2024-01-03,002555.SZ,-0.09631109557473305,下降,low,False,15,0,中,规则引擎归因,市场需求出现季节性波动,汇率波动对海外业务造成负面影响,,2025-11-11 23:41:48
core_sector_10,2023-11-21_to_2024-01-03,300122.SZ,-0.1605519140909737,下降,medium,False,15,0,中,规则引擎归因,汇率波动对海外业务造成负面影响,行业周期性调整影响业绩表现,,2025-11-11 23:41:55
core_sector_10,2023-11-21_to_2024-01-03,300413.SZ,-0.1192187107366951,下降,medium,False,15,0,中,规则引擎归因,汇率波动对海外业务造成负面影响,市场需求出现季节性波动,,2025-11-11 23:42:03
core_sector_10,2023-11-21_to_2024-01-03,301269.SZ,-0.13233080778439643,下降,medium,False,15,0,中,规则引擎归因,市场需求出现季节性波动,原材料成本大幅上升，利润率受到挤压,,2025-11-11 23:42:13
core_sector_10,2023-11-21_to_2024-01-03,601059.SH,-0.1253199310389861,下降,medium,False,12,0,中,规则引擎归因,原材料成本大幅上升，利润率受到挤压,汇率波动对海外业务造成负面影响,,2025-11-11 23:42:21
core_sector_10,2023-11-21_to_2024-01-03,601881.SH,-0.0802985221714626,下降,low,False,15,0,中,规则引擎归因,原材料成本大幅上升，利润率受到挤压,汇率波动对海外业务造成负面影响,,2025-11-11 23:42:27
core_sector_10,2023-12-12_to_2024-01-24,300122.SZ,-0.10930127959465907,下降,medium,False,15,0,中,规则引擎归因,汇率波动对海外业务造成负面影响,行业周期性调整影响业绩表现,,2025-11-11 23:42:32
core_sector_10,2024-01-24_to_2024-03-14,601788.SH,-0.08302379144884475,下降,low,False,15,0,中,规则引擎归因,原材料成本大幅上升，利润率受到挤压,市场需求出现季节性波动,,2025-11-11 23:42:39
core_sector_10,2024-02-22_to_2024-04-08,601878.SH,-0.09727866852229439,下降,low,False,15,0,中,规则引擎归因,行业周期性调整影响业绩表现,市场需求出现季节性波动,,2025-11-11 23:42:45
core_sector_10,2024-04-08_to_2024-05-23,300413.SZ,-0.09939475667661679,下降,low,False,15,0,中,规则引擎归因,行业周期性调整影响业绩表现,原材料成本大幅上升，利润率受到挤压,,2025-11-11 23:42:50
core_sector_10,2024-04-29_to_2024-06-14,300413.SZ,-0.13898699447270468,下降,medium,False,15,0,中,规则引擎归因,原材料成本大幅上升，利润率受到挤压,行业周期性调整影响业绩表现,,2025-11-11 23:42:55
core_sector_10,2024-05-23_to_2024-07-05,600415.SH,-0.1063760287279869,下降,medium,False,15,0,中,规则引擎归因,汇率波动对海外业务造成负面影响,原材料成本大幅上升，利润率受到挤压,,2025-11-11 23:43:02
core_sector_10,2024-05-23_to_2024-07-05,603259.SH,-0.08488604967241176,下降,low,False,15,0,中,规则引擎归因,行业周期性调整影响业绩表现,原材料成本大幅上升，利润率受到挤压,,2025-11-11 23:43:09
core_sector_10,2024-06-14_to_2024-07-26,600732.SH,-0.13248439493145892,下降,medium,False,15,0,中,规则引擎归因,原材料成本大幅上升，利润率受到挤压,市场需求出现季节性波动,,2025-11-11 23:43:16
core_sector_10,2024-07-05_to_2024-08-16,600732.SH,-0.09904961063812445,下降,low,False,15,0,中,规则引擎归因,市场需求出现季节性波动,行业周期性调整影响业绩表现,,2025-11-11 23:43:34
core_sector_11,2023-10-31_to_2023-12-12,600276.SH,-0.08428324088907979,下降,low,False,15,0,中,规则引擎归因,汇率波动对海外业务造成负面影响,市场需求出现季节性波动,,2025-11-11 23:43:42
core_sector_11,2023-11-21_to_2024-01-03,600276.SH,-0.0872139104707721,下降,low,False,15,0,中,规则引擎归因,行业周期性调整影响业绩表现,原材料成本大幅上升，利润率受到挤压,,2025-11-11 23:43:48
core_sector_11,2024-03-14_to_2024-04-29,300751.SZ,-0.08212740834394539,下降,low,False,15,0,中,规则引擎归因,行业周期性调整影响业绩表现,市场需求出现季节性波动,,2025-11-11 23:43:54
core_sector_11,2024-04-29_to_2024-06-14,300347.SZ,-0.09645241610894062,下降,low,False,13,0,中,规则引擎归因,原材料成本大幅上升，利润率受到挤压,市场需求出现季节性波动,,2025-11-11 23:44:02
core_sector_11,2024-05-23_to_2024-07-05,300347.SZ,-0.09235058324043277,下降,low,False,13,0,中,规则引擎归因,市场需求出现季节性波动,原材料成本大幅上升，利润率受到挤压,,2025-11-11 23:44:08
core_sector_11,2024-05-23_to_2024-07-05,603260.SH,-0.08515287868372634,下降,low,False,15,0,中,规则引擎归因,市场需求出现季节性波动,行业周期性调整影响业绩表现,,2025-11-11 23:44:17
core_sector_11,2024-05-23_to_2024-07-05,605117.SH,-0.08742661340519975,下降,low,False,15,0,中,规则引擎归因,行业周期性调整影响业绩表现,汇率波动对海外业务造成负面影响,,2025-11-11 23:44:22
core_sector_11,2024-05-23_to_2024-07-05,688599.SH,-0.10390522481459841,下降,medium,False,15,0,中,规则引擎归因,原材料成本大幅上升，利润率受到挤压,汇率波动对海外业务造成负面影响,,2025-11-11 23:44:30
core_sector_12,2023-10-10_to_2023-11-21,601857.SH,-0.09121870593393444,下降,low,False,15,0,中,规则引擎归因,汇率波动对海外业务造成负面影响,原材料成本大幅上升，利润率受到挤压,,2025-11-11 23:44:40
core_sector_12,2023-11-21_to_2024-01-03,601919.SH,-0.08575525523799599,下降,low,False,15,0,中,规则引擎归因,原材料成本大幅上升，利润率受到挤压,行业周期性调整影响业绩表现,,2025-11-11 23:44:47
core_sector_12,2024-04-08_to_2024-05-23,601919.SH,-0.0809098687133778,下降,low,False,15,0,中,规则引擎归因,原材料成本大幅上升，利润率受到挤压,行业周期性调整影响业绩表现,,2025-11-11 23:45:00
core_sector_12,2024-07-05_to_2024-08-16,601319.SH,-0.10168399092447356,下降,medium,False,15,0,中,规则引擎归因,汇率波动对海外业务造成负面影响,行业周期性调整影响业绩表现,,2025-11-11 23:45:11
core_sector_13,2024-02-22_to_2024-04-08,601818.SH,-0.12562714852168444,下降,medium,False,15,0,中,规则引擎归因,汇率波动对海外业务造成负面影响,市场需求出现季节性波动,,2025-11-11 23:45:22
core_sector_13,2024-04-29_to_2024-06-14,600941.SH,-0.08177260762009175,下降,low,False,15,0,中,规则引擎归因,汇率波动对海外业务造成负面影响,原材料成本大幅上升，利润率受到挤压,,2025-11-11 23:45:29
core_sector_13,2024-05-23_to_2024-07-05,600999.SH,-0.12879628016493772,下降,medium,False,15,0,中,规则引擎归因,市场需求出现季节性波动,行业周期性调整影响业绩表现,,2025-11-11 23:45:33
core_sector_13,2024-06-14_to_2024-07-26,600999.SH,-0.13692338109907753,下降,medium,False,15,0,中,规则引擎归因,行业周期性调整影响业绩表现,市场需求出现季节性波动,,2025-11-11 23:45:40
core_sector_13,2024-06-14_to_2024-07-26,601658.SH,-0.09623172154043913,下降,low,False,15,0,中,规则引擎归因,市场需求出现季节性波动,行业周期性调整影响业绩表现,,2025-11-11 23:45:45
core_sector_13,2024-06-14_to_2024-07-26,601818.SH,-0.08543330805090366,下降,low,False,15,0,中,规则引擎归因,市场需求出现季节性波动,汇率波动对海外业务造成负面影响,,2025-11-11 23:45:50
core_sector_13,2024-06-14_to_2024-07-26,601868.SH,-0.11218814695904933,下降,medium,False,15,0,中,规则引擎归因,汇率波动对海外业务造成负面影响,行业周期性调整影响业绩表现,,2025-11-11 23:45:56
core_sector_13,2024-07-05_to_2024-08-16,600999.SH,-0.10391954552664628,下降,medium,False,15,0,中,规则引擎归因,原材料成本大幅上升，利润率受到挤压,汇率波动对海外业务造成负面影响,,2025-11-11 23:46:02
core_sector_13,2024-07-05_to_2024-08-16,601868.SH,-0.09016881408876454,下降,low,False,15,0,中,规则引擎归因,汇率波动对海外业务造成负面影响,市场需求出现季节性波动,,2025-11-11 23:46:08
core_sector_13,2024-07-26_to_2024-09-06,600999.SH,-0.09422852843041651,下降,low,False,15,0,中,规则引擎归因,原材料成本大幅上升，利润率受到挤压,行业周期性调整影响业绩表现,,2025-11-11 23:46:15
core_sector_13,2024-07-26_to_2024-09-06,601336.SH,-0.13574369573635692,下降,medium,False,15,0,中,规则引擎归因,原材料成本大幅上升，利润率受到挤压,汇率波动对海外业务造成负面影响,,2025-11-11 23:46:26
core_sector_14,2023-10-31_to_2023-12-12,600115.SH,-0.11299057817504454,下降,medium,False,15,0,中,规则引擎归因,原材料成本大幅上升，利润率受到挤压,行业周期性调整影响业绩表现,,2025-11-11 23:46:31
core_sector_14,2024-06-14_to_2024-07-26,601689.SH,-0.0978088020516491,下降,low,False,15,0,中,规则引擎归因,行业周期性调整影响业绩表现,原材料成本大幅上升，利润率受到挤压,,2025-11-11 23:46:36
core_sector_14,2024-07-26_to_2024-09-06,600115.SH,-0.08507853003139165,下降,low,False,15,0,中,规则引擎归因,市场需求出现季节性波动,行业周期性调整影响业绩表现,,2025-11-11 23:46:40
core_sector_15,2023-10-31_to_2023-12-12,601169.SH,-0.08919702718520706,下降,low,False,15,0,中,规则引擎归因,市场需求出现季节性波动,行业周期性调整影响业绩表现,,2025-11-11 23:46:45
core_sector_15,2023-10-31_to_2023-12-12,601398.SH,-0.10349875245262852,下降,medium,False,15,0,中,规则引擎归因,汇率波动对海外业务造成负面影响,原材料成本大幅上升，利润率受到挤压,,2025-11-11 23:46:49
core_sector_15,2023-10-31_to_2023-12-12,601916.SH,-0.14065345745692492,下降,medium,False,15,0,中,规则引擎归因,行业周期性调整影响业绩表现,市场需求出现季节性波动,,2025-11-11 23:46:54
core_sector_15,2023-11-21_to_2024-01-03,601398.SH,-0.13589410941697255,下降,medium,False,15,0,中,规则引擎归因,汇率波动对海外业务造成负面影响,原材料成本大幅上升，利润率受到挤压,,2025-11-11 23:46:59
core_sector_15,2023-11-21_to_2024-01-03,601916.SH,-0.13429313600843784,下降,medium,False,15,0,中,规则引擎归因,市场需求出现季节性波动,原材料成本大幅上升，利润率受到挤压,,2025-11-11 23:47:05
core_sector_15,2023-12-12_to_2024-01-24,601398.SH,-0.14318437455688504,下降,medium,False,15,0,中,规则引擎归因,汇率波动对海外业务造成负面影响,行业周期性调整影响业绩表现,,2025-11-11 23:47:13
core_sector_15,2024-04-08_to_2024-05-23,601838.SH,-0.09713026849152373,下降,low,False,15,0,中,规则引擎归因,市场需求出现季节性波动,原材料成本大幅上升，利润率受到挤压,,2025-11-11 23:47:19
core_sector_15,2024-05-23_to_2024-07-05,601628.SH,-0.10875179178291305,下降,medium,False,15,0,中,规则引擎归因,市场需求出现季节性波动,行业周期性调整影响业绩表现,,2025-11-11 23:47:32
secondary_sector_16,2024-01-03_to_2024-02-22,000651.SZ,-0.08072570873446405,下降,low,False,15,0,中,规则引擎归因,原材料成本大幅上升，利润率受到挤压,行业周期性调整影响业绩表现,,2025-11-11 23:47:49
secondary_sector_16,2024-01-24_to_2024-03-14,603195.SH,-0.1088088885039451,下降,medium,False,13,0,中,规则引擎归因,汇率波动对海外业务造成负面影响,行业周期性调整影响业绩表现,,2025-11-11 23:48:01
secondary_sector_16,2024-02-22_to_2024-04-08,603195.SH,-0.14580022663418535,下降,medium,False,13,0,中,规则引擎归因,汇率波动对海外业务造成负面影响,市场需求出现季节性波动,,2025-11-11 23:48:06
secondary_sector_16,2024-04-29_to_2024-06-14,000408.SZ,-0.09210088638401048,下降,low,False,15,0,中,规则引擎归因,原材料成本大幅上升，利润率受到挤压,市场需求出现季节性波动,,2025-11-11 23:48:11
secondary_sector_16,2024-07-05_to_2024-08-16,600660.SH,-0.08811264167793431,下降,low,False,15,0,中,规则引擎归因,行业周期性调整影响业绩表现,汇率波动对海外业务造成负面影响,,2025-11-11 23:48:23
secondary_sector_16,2024-07-26_to_2024-09-06,600660.SH,-0.11709514170573954,下降,medium,False,15,0,中,规则引擎归因,原材料成本大幅上升，利润率受到挤压,市场需求出现季节性波动,,2025-11-11 23:48:28
secondary_sector_17,2023-10-31_to_2023-12-12,000895.SZ,-0.1044486584711527,下降,medium,False,15,0,中,规则引擎归因,市场需求出现季节性波动,原材料成本大幅上升，利润率受到挤压,,2025-11-11 23:48:41
secondary_sector_17,2023-11-21_to_2024-01-03,000895.SZ,-0.09031580294595787,下降,low,False,15,0,中,规则引擎归因,行业周期性调整影响业绩表现,原材料成本大幅上升，利润率受到挤压,,2025-11-11 23:48:50
secondary_sector_17,2023-12-12_to_2024-01-24,688036.SH,-0.08449330754206574,下降,low,False,15,0,中,规则引擎归因,汇率波动对海外业务造成负面影响,原材料成本大幅上升，利润率受到挤压,,2025-11-11 23:49:16
secondary_sector_17,2024-01-03_to_2024-02-22,300498.SZ,-0.08927918770411747,下降,low,False,15,0,中,规则引擎归因,汇率波动对海外业务造成负面影响,行业周期性调整影响业绩表现,,2025-11-11 23:49:32
secondary_sector_17,2024-01-03_to_2024-02-22,601816.SH,0.08647879158798777,上升,low,False,15,0,中,规则引擎归因,经营状况持续改善，市场份额稳步扩大,新产品成功上市，收入来源更加多元化,,2025-11-11 23:49:37
secondary_sector_17,2024-01-24_to_2024-03-14,002714.SZ,-0.08709500622838862,下降,low,False,15,0,中,规则引擎归因,市场需求出现季节性波动,原材料成本大幅上升，利润率受到挤压,,2025-11-11 23:49:50
secondary_sector_17,2024-01-24_to_2024-03-14,300498.SZ,-0.13040035769617075,下降,medium,False,15,0,中,规则引擎归因,行业周期性调整影响业绩表现,原材料成本大幅上升，利润率受到挤压,,2025-11-11 23:50:02
secondary_sector_17,2024-01-24_to_2024-03-14,601816.SH,0.09178265583507217,上升,low,False,15,0,中,规则引擎归因,管理效率提升，运营成本下降,成本控制成效显著，利润率明显提升,,2025-11-11 23:50:08
secondary_sector_17,2024-01-24_to_2024-03-14,688036.SH,0.08725696825634266,上升,low,False,15,0,中,规则引擎归因,经营状况持续改善，市场份额稳步扩大,管理效率提升，运营成本下降,,2025-11-11 23:50:22
secondary_sector_17,2024-02-22_to_2024-04-08,002311.SZ,-0.1146580688038038,下降,medium,False,15,0,中,规则引擎归因,原材料成本大幅上升，利润率受到挤压,汇率波动对海外业务造成负面影响,,2025-11-11 23:50:38
secondary_sector_17,2024-04-08_to_2024-05-23,600233.SH,-0.08653687971195534,下降,low,False,15,0,中,规则引擎归因,汇率波动对海外业务造成负面影响,行业周期性调整影响业绩表现,,2025-11-11 23:50:45
secondary_sector_17,2024-04-29_to_2024-06-14,600426.SH,-0.17291293509486416,下降,medium,False,10,0,中,规则引擎归因,行业周期性调整影响业绩表现,市场需求出现季节性波动,,2025-11-11 23:50:49
secondary_sector_17,2024-05-23_to_2024-07-05,002311.SZ,-0.10425806002875826,下降,medium,False,15,0,中,规则引擎归因,市场需求出现季节性波动,行业周期性调整影响业绩表现,,2025-11-11 23:50:54
secondary_sector_17,2024-05-23_to_2024-07-05,601816.SH,-0.0873203213222985,下降,low,False,15,0,中,规则引擎归因,原材料成本大幅上升，利润率受到挤压,市场需求出现季节性波动,,2025-11-11 23:51:01
secondary_sector_17,2024-06-14_to_2024-07-26,601816.SH,-0.13631288733698266,下降,medium,False,15,0,中,规则引擎归因,市场需求出现季节性波动,原材料成本大幅上升，利润率受到挤压,,2025-11-11 23:51:11
secondary_sector_17,2024-07-05_to_2024-08-16,601816.SH,-0.16221164658838116,下降,medium,False,15,0,中,规则引擎归因,行业周期性调整影响业绩表现,市场需求出现季节性波动,,2025-11-11 23:51:18
secondary_sector_17,2024-07-26_to_2024-09-06,601816.SH,-0.14090300914941623,下降,medium,False,15,0,中,规则引擎归因,原材料成本大幅上升，利润率受到挤压,市场需求出现季节性波动,,2025-11-11 23:51:28
secondary_sector_18,2023-10-10_to_2023-11-21,300124.SZ,-0.09346090385387718,下降,low,False,15,0,中,规则引擎归因,行业周期性调整影响业绩表现,汇率波动对海外业务造成负面影响,,2025-11-11 23:51:40
secondary_sector_18,2023-10-10_to_2023-11-21,600161.SH,-0.08242936418239966,下降,low,False,15,0,中,规则引擎归因,汇率波动对海外业务造成负面影响,市场需求出现季节性波动,,2025-11-11 23:51:52
secondary_sector_18,2023-10-10_to_2023-11-21,600989.SH,-0.08879548108357638,下降,low,False,15,0,中,规则引擎归因,市场需求出现季节性波动,汇率波动对海外业务造成负面影响,,2025-11-11 23:52:02
secondary_sector_18,2023-10-10_to_2023-11-21,688082.SH,-0.10102594791208974,下降,medium,False,15,0,中,规则引擎归因,汇率波动对海外业务造成负面影响,原材料成本大幅上升，利润率受到挤压,,2025-11-11 23:52:07
secondary_sector_18,2023-10-10_to_2023-11-21,688396.SH,-0.13970611459892934,下降,medium,False,10,0,中,规则引擎归因,市场需求出现季节性波动,汇率波动对海外业务造成负面影响,,2025-11-11 23:52:16
secondary_sector_18,2023-10-10_to_2023-11-21,688981.SH,-0.13934934151807044,下降,medium,False,15,0,中,规则引擎归因,行业周期性调整影响业绩表现,市场需求出现季节性波动,,2025-11-11 23:52:25
secondary_sector_18,2023-10-31_to_2023-12-12,600026.SH,-0.1398047372744755,下降,medium,False,11,0,中,规则引擎归因,原材料成本大幅上升，利润率受到挤压,市场需求出现季节性波动,,2025-11-11 23:52:33
secondary_sector_18,2023-10-31_to_2023-12-12,600989.SH,-0.08538618267097375,下降,low,False,15,0,中,规则引擎归因,市场需求出现季节性波动,汇率波动对海外业务造成负面影响,,2025-11-11 23:52:39
secondary_sector_18,2023-10-31_to_2023-12-12,688396.SH,-0.12261809169866966,下降,medium,False,10,0,中,规则引擎归因,原材料成本大幅上升，利润率受到挤压,行业周期性调整影响业绩表现,,2025-11-11 23:52:45
secondary_sector_18,2023-11-21_to_2024-01-03,600026.SH,-0.10156174954289865,下降,medium,False,11,0,中,规则引擎归因,市场需求出现季节性波动,原材料成本大幅上升，利润率受到挤压,,2025-11-11 23:52:56
secondary_sector_18,2023-11-21_to_2024-01-03,688396.SH,-0.09136560370710511,下降,low,False,10,0,中,规则引擎归因,汇率波动对海外业务造成负面影响,市场需求出现季节性波动,,2025-11-11 23:53:02
secondary_sector_18,2023-12-12_to_2024-01-24,688012.SH,-0.09160903059614678,下降,low,False,15,0,中,规则引擎归因,原材料成本大幅上升，利润率受到挤压,市场需求出现季节性波动,,2025-11-11 23:53:19
secondary_sector_18,2024-04-29_to_2024-06-14,601872.SH,-0.11241171838612662,下降,medium,False,15,0,中,规则引擎归因,市场需求出现季节性波动,原材料成本大幅上升，利润率受到挤压,,2025-11-11 23:53:23
secondary_sector_18,2024-05-23_to_2024-07-05,002648.SZ,-0.09331794253470838,下降,low,False,15,0,中,规则引擎归因,市场需求出现季节性波动,原材料成本大幅上升，利润率受到挤压,,2025-11-11 23:53:37
secondary_sector_18,2024-05-23_to_2024-07-05,300124.SZ,-0.24269612139346597,下降,high,False,15,0,高,规则引擎归因,市场竞争激烈，市场份额严重流失,行业监管政策收紧，经营受到严格限制,,2025-11-11 23:53:43
secondary_sector_18,2024-05-23_to_2024-07-05,600989.SH,-0.10544772510392997,下降,medium,False,15,0,中,规则引擎归因,市场需求出现季节性波动,汇率波动对海外业务造成负面影响,,2025-11-11 23:53:48
secondary_sector_18,2024-07-26_to_2024-09-06,605499.SH,-0.11707901653838926,下降,medium,False,15,0,中,规则引擎归因,原材料成本大幅上升，利润率受到挤压,汇率波动对海外业务造成负面影响,,2025-11-11 23:53:59
residual_sector_19,2023-10-10_to_2023-11-21,300308.SZ,-0.09991887406354882,下降,low,False,15,0,中,规则引擎归因,行业周期性调整影响业绩表现,市场需求出现季节性波动,,2025-11-11 23:54:06
residual_sector_19,2023-10-10_to_2023-11-21,600489.SH,-0.11497040959348548,下降,medium,False,15,0,中,规则引擎归因,原材料成本大幅上升，利润率受到挤压,市场需求出现季节性波动,,2025-11-11 23:54:11
residual_sector_19,2023-10-10_to_2023-11-21,600547.SH,-0.1528960173372339,下降,medium,False,15,0,中,规则引擎归因,行业周期性调整影响业绩表现,汇率波动对海外业务造成负面影响,,2025-11-11 23:54:18
residual_sector_19,2023-10-10_to_2023-11-21,600938.SH,-0.17160395001483952,下降,medium,False,15,0,中,规则引擎归因,原材料成本大幅上升，利润率受到挤压,汇率波动对海外业务造成负面影响,,2025-11-11 23:54:28
residual_sector_19,2023-10-10_to_2023-11-21,601225.SH,-0.13271040483017038,下降,medium,False,15,0,中,规则引擎归因,原材料成本大幅上升，利润率受到挤压,汇率波动对海外业务造成负面影响,,2025-11-11 23:54:35
residual_sector_19,2023-10-10_to_2023-11-21,601898.SH,-0.10530000614710844,下降,medium,False,0,0,中,规则引擎归因,汇率波动对海外业务造成负面影响,原材料成本大幅上升，利润率受到挤压,,2025-11-11 23:54:59
residual_sector_19,2023-10-10_to_2023-11-21,688041.SH,-0.15678223355212983,下降,medium,False,0,0,中,规则引擎归因,行业周期性调整影响业绩表现,汇率波动对海外业务造成负面影响,,2025-11-11 23:55:07
residual_sector_19,2023-10-31_to_2023-12-12,600489.SH,-0.08108072787809362,下降,low,False,0,0,中,规则引擎归因,汇率波动对海外业务造成负面影响,行业周期性调整影响业绩表现,,2025-11-11 23:55:07
residual_sector_19,2023-10-31_to_2023-12-12,600938.SH,-0.1018155374096098,下降,medium,False,0,0,中,规则引擎归因,市场需求出现季节性波动,汇率波动对海外业务造成负面影响,,2025-11-11 23:55:08
residual_sector_19,2023-10-31_to_2023-12-12,601225.SH,-0.12996008275686666,下降,medium,False,0,0,中,规则引擎归因,汇率波动对海外业务造成负面影响,行业周期性调整影响业绩表现,,2025-11-11 23:55:08
residual_sector_19,2023-10-31_to_2023-12-12,601898.SH,-0.09713537269073902,下降,low,False,0,0,中,规则引擎归因,原材料成本大幅上升，利润率受到挤压,市场需求出现季节性波动,,2025-11-11 23:55:09
residual_sector_19,2023-10-31_to_2023-12-12,601988.SH,-0.10252613687300405,下降,medium,False,0,0,中,规则引擎归因,原材料成本大幅上升，利润率受到挤压,汇率波动对海外业务造成负面影响,,2025-11-11 23:55:09
residual_sector_19,2024-01-03_to_2024-02-22,300628.SZ,0.11249538417702887,上升,medium,False,0,0,中,规则引擎归因,新产品成功上市，收入来源更加多元化,成本控制成效显著，利润率明显提升,,2025-11-11 23:55:10
residual_sector_19,2024-01-03_to_2024-02-22,601288.SH,0.09950037565582448,上升,low,False,0,0,中,规则引擎归因,管理效率提升，运营成本下降,经营状况持续改善，市场份额稳步扩大,,2025-11-11 23:55:10
residual_sector_19,2024-01-03_to_2024-02-22,601799.SH,-0.09635014548811227,下降,low,False,0,0,中,规则引擎归因,行业周期性调整影响业绩表现,原材料成本大幅上升，利润率受到挤压,,2025-11-11 23:55:11
residual_sector_19,2024-01-24_to_2024-03-14,300628.SZ,0.08998148242625925,上升,low,False,0,0,中,规则引擎归因,管理效率提升，运营成本下降,经营状况持续改善，市场份额稳步扩大,,2025-11-11 23:55:11
residual_sector_19,2024-01-24_to_2024-03-14,601288.SH,0.08892627451072743,上升,low,False,0,0,中,规则引擎归因,新产品成功上市，收入来源更加多元化,经营状况持续改善，市场份额稳步扩大,,2025-11-11 23:55:12
residual_sector_19,2024-01-24_to_2024-03-14,603833.SH,-0.08444213847124238,下降,low,False,0,0,中,规则引擎归因,市场需求出现季节性波动,行业周期性调整影响业绩表现,,2025-11-11 23:55:12
residual_sector_19,2024-02-22_to_2024-04-08,300979.SZ,-0.08556227768500513,下降,low,False,0,0,中,规则引擎归因,原材料成本大幅上升，利润率受到挤压,市场需求出现季节性波动,,2025-11-11 23:55:13
residual_sector_19,2024-02-22_to_2024-04-08,601799.SH,0.08186499007702053,上升,low,False,0,0,中,规则引擎归因,成本控制成效显著，利润率明显提升,新产品成功上市，收入来源更加多元化,,2025-11-11 23:55:13
residual_sector_19,2024-02-22_to_2024-04-08,603833.SH,-0.08399957426406668,下降,low,False,0,0,中,规则引擎归因,行业周期性调整影响业绩表现,汇率波动对海外业务造成负面影响,,2025-11-11 23:55:13
residual_sector_19,2024-02-22_to_2024-04-08,688271.SH,-0.10742203348903945,下降,medium,False,0,0,中,规则引擎归因,汇率波动对海外业务造成负面影响,原材料成本大幅上升，利润率受到挤压,,2025-11-11 23:55:14
residual_sector_19,2024-03-14_to_2024-04-29,300628.SZ,-0.10929855350146978,下降,medium,False,0,0,中,规则引擎归因,行业周期性调整影响业绩表现,汇率波动对海外业务造成负面影响,,2025-11-11 23:55:14
residual_sector_19,2024-03-14_to_2024-04-29,601225.SH,-0.09954460532205056,下降,low,False,0,0,中,规则引擎归因,原材料成本大幅上升，利润率受到挤压,行业周期性调整影响业绩表现,,2025-11-11 23:55:15
residual_sector_19,2024-03-14_to_2024-04-29,601288.SH,-0.09998070330005393,下降,low,False,0,0,中,规则引擎归因,汇率波动对海外业务造成负面影响,行业周期性调整影响业绩表现,,2025-11-11 23:55:15
residual_sector_19,2024-03-14_to_2024-04-29,601988.SH,-0.08527473853420742,下降,low,False,0,0,中,规则引擎归因,行业周期性调整影响业绩表现,汇率波动对海外业务造成负面影响,,2025-11-11 23:55:16
residual_sector_19,2024-04-08_to_2024-05-23,300628.SZ,-0.18943535913861853,下降,medium,False,0,0,中,规则引擎归因,原材料成本大幅上升，利润率受到挤压,汇率波动对海外业务造成负面影响,,2025-11-11 23:55:16
residual_sector_19,2024-04-08_to_2024-05-23,600406.SH,-0.11116810629209195,下降,medium,False,0,0,中,规则引擎归因,原材料成本大幅上升，利润率受到挤压,市场需求出现季节性波动,,2025-11-11 23:55:17
residual_sector_19,2024-04-08_to_2024-05-23,601288.SH,-0.10122219418890677,下降,medium,False,0,0,中,规则引擎归因,原材料成本大幅上升，利润率受到挤压,行业周期性调整影响业绩表现,,2025-11-11 23:55:17
residual_sector_19,2024-04-08_to_2024-05-23,601988.SH,-0.09838417141440225,下降,low,False,0,0,中,规则引擎归因,汇率波动对海外业务造成负面影响,原材料成本大幅上升，利润率受到挤压,,2025-11-11 23:55:18
residual_sector_19,2024-04-08_to_2024-05-23,603833.SH,-0.09516573453504751,下降,low,False,0,0,中,规则引擎归因,市场需求出现季节性波动,汇率波动对海外业务造成负面影响,,2025-11-11 23:55:19
residual_sector_19,2024-04-08_to_2024-05-23,688271.SH,-0.08700563568246178,下降,low,False,0,0,中,规则引擎归因,原材料成本大幅上升，利润率受到挤压,行业周期性调整影响业绩表现,,2025-11-11 23:55:20
residual_sector_19,2024-04-29_to_2024-06-14,300628.SZ,-0.09096241184687848,下降,low,False,0,0,中,规则引擎归因,市场需求出现季节性波动,行业周期性调整影响业绩表现,,2025-11-11 23:55:20
residual_sector_19,2024-04-29_to_2024-06-14,688271.SH,-0.1580198621743396,下降,medium,False,0,0,中,规则引擎归因,行业周期性调整影响业绩表现,原材料成本大幅上升，利润率受到挤压,,2025-11-11 23:55:21
residual_sector_19,2024-05-23_to_2024-07-05,688271.SH,-0.09738370155548448,下降,low,False,0,0,中,规则引擎归因,汇率波动对海外业务造成负面影响,行业周期性调整影响业绩表现,,2025-11-11 23:55:21
residual_sector_19,2024-06-14_to_2024-07-26,600547.SH,0.08985162839816119,上升,low,False,0,0,中,规则引擎归因,管理效率提升，运营成本下降,经营状况持续改善，市场份额稳步扩大,,2025-11-11 23:55:22
residual_sector_19,2024-07-05_to_2024-08-16,601288.SH,-0.10902278863997161,下降,medium,False,0,0,中,规则引擎归因,汇率波动对海外业务造成负面影响,原材料成本大幅上升，利润率受到挤压,,2025-11-11 23:55:22
residual_sector_19,2024-07-05_to_2024-08-16,601988.SH,-0.10255678312321215,下降,medium,False,0,0,中,规则引擎归因,行业周期性调整影响业绩表现,原材料成本大幅上升，利润率受到挤压,,2025-11-11 23:55:23
residual_sector_19,2024-07-26_to_2024-09-06,600845.SH,-0.10277846879716313,下降,medium,False,0,0,中,规则引擎归因,市场需求出现季节性波动,汇率波动对海外业务造成负面影响,,2025-11-11 23:55:23
residual_sector_19,2024-07-26_to_2024-09-06,601288.SH,-0.08621247985531011,下降,low,False,0,0,中,规则引擎归因,市场需求出现季节性波动,汇率波动对海外业务造成负面影响,,2025-11-11 23:55:24
